{
    "mappings" : [ {
        "id" : "093f1027-e5e0-4921-9e6d-e619dfd5d2c7",
        "name" : "recordables_123",
        "request" : {
            "url" : "/recordables/123",
            "method" : "GET"
        },
        "response" : {
            "status" : 200,
            "body" : "{\n  \"message\": \"Congratulations on your first recording!\"\n}",
            "headers" : {
                "Content-Type" : "application/json"
            }
        },
        "uuid" : "093f1027-e5e0-4921-9e6d-e619dfd5d2c7",
        "persistent" : true
    } ]
}