{
    "type": "object",
    "oneOf": [
        {
            "description": "Log normal randomly distributed response delay.",
            "properties": {
                "type": {
                    "type": "string",
                    "enum": [
                        "lognormal"
                    ]
                },
                "median": {
                    "type": "integer"
                },
                "sigma": {
                    "type": "number"
                }
            },
            "required": [
                "type",
                "median",
                "sigma"
            ]
        },
        {
            "description": "Uniformly distributed random response delay.",
            "properties": {
                "type": {
                    "type": "string",
                    "enum": [
                        "uniform"
                    ]
                },
                "upper": {
                    "type": "integer"
                },
                "lower": {
                    "type": "integer"
                }
            },
            "required": [
                "type",
                "upper",
                "lower"
            ]
        }
    ]
}