{
    "properties": {
        "id": {
            "description": "The scenario ID",
            "example": [
                "c8d249ec-d86d-48b1-88a8-a660e6848042"
            ],
            "type": "string"
        },
        "name": {
            "description": "The scenario name",
            "example": [
                "my_scenario"
            ],
            "type": "string"
        },
        "possibleStates": {
            "items": {
                "default": "Started",
                "description": "All the states this scenario can be in",
                "example": [
                    "Started", "Step two", "step_3"
                ],
                "type": "string"
            },
            "type": "array"
        },
        "state": {
            "default": "Started",
            "description": "The current state of this scenario",
            "example": [
                "Started", "Step two", "step_3"
            ],
            "type": "string"
        }
    },
    "type": "object"
}