{
    "type": "object",
    "allOf": [
        { "$ref": "record-spec.schema.json" },
        {
            "type": "object",
            "properties": {
                "targetBaseUrl": {
                    "description": "Target URL when using the record and playback API",
                    "type": "string",
                    "example": [
                        "http://example.mocklab.io"
                    ]
                },
                "filters": {
                    "description": "Filter requests for which to create stub mapping",
                    "$ref": "request-pattern.schema.json"
                }
            }
        }
    ]
}